Goal Description,X Position,Y Position,Theta
goal_a,-9.91944206757,9.61997789133,-0.2238862
goal_b,-8.57616813807,13.3392413278,-0.2238862
